timestamp,compression,term_premium,s_t,mu0,sigma0,layer1,triggered,primary_dealer_pct,control_limit
2026-06-22T09:32:58.089968,0.0359404674911304,0.0,0.0011117328661892,0.028121619388924,0.0134142304720341,False,False,,
2026-06-22T09:54:07.495671,3.34001336005344,0.0,0.0,3.514545573105337,0.1410541678822107,False,False,15.0,
2026-06-22T10:01:07.781327,3.34001336005344,0.0,0.0,3.514545573105337,0.1410541678822107,False,False,15.0,
2026-06-22T10:01:56.865406,3.34001336005344,0.0,0.0,3.514545573105337,0.1410541678822107,False,False,15.0,
2026-06-22T10:04:30.844058,3.34001336005344,0.0,0.0,3.514545573105337,0.1410541678822107,False,False,15.0,
2026-06-22T10:08:19.081372,3.34001336005344,0.0,0.0,3.514545573105337,0.1410541678822107,False,False,15.0,
2026-06-22T10:14:33.419459,5.611222444889779,0.0,0.0,5.904436562816966,0.2369710020421141,False,False,25.2,
2026-06-22T03:49:47.502769,5.611222444889779,0.0,0.0,5.904436562816966,0.2369710020421141,False,False,25.2,1.1848550102105706
2026-06-22T23:23:25.133050,5.550325039228872,-0.2754820936639035,0.0,5.801343226005876,0.2328334131175692,False,False,24.76,1.1641670655878462
2026-06-23T23:10:57.297457,5.426734648636666,-0.2762430939226568,0.0,5.736290033162547,0.2300004946571335,False,False,24.48,1.1500024732856675
2026-06-24T23:08:16.881341,5.545434347922684,0.2770083102493048,0.0,5.8494738458262105,0.2344241990662753,False,False,24.96,1.1721209953313767
2026-06-25T23:22:03.636668,5.658580820675583,0.0,0.0,5.850028201987866,0.2342194853840557,False,False,24.96,1.1710974269202787
2026-06-26T23:10:51.441715,5.671438309475119,0.5524861878453136,0.0,5.850289367437292,0.2338665321091923,True,False,24.96,1.1693326605459615
2026-06-27T23:06:00.200390,5.671438309475119,0.5524861878453136,0.0,5.850289367437292,0.2338665321091923,True,False,24.96,1.1693326605459615
2026-06-28T23:07:32.800799,5.671438309475119,0.5524861878453136,0.0,5.850289367437292,0.2338665321091923,True,False,24.96,1.1693326605459615
2026-06-29T23:01:43.481462,5.715590047934261,-0.5494505494505475,0.0,5.869040294897027,0.2346161043274911,True,False,25.04,1.1730805216374556
2026-06-30T23:16:44.220448,5.697329376854599,0.0,0.0,5.850268408698003,0.2334727638955524,False,False,24.96,1.1673638194777622
2026-07-01T23:19:39.652023,5.516775501013284,1.6574585635359185,0.0,5.742385562609386,0.2287879202340132,True,False,24.5,1.1439396011700662
2026-07-02T23:11:28.893486,5.5701852265119385,-0.5434782608695676,0.0,5.850366038197151,0.2327107075299907,True,False,24.96,1.1635535376499535
2026-07-03T23:07:59.967962,5.5701852265119385,-0.5434782608695676,0.0,5.850366038197151,0.2327107075299907,True,False,24.96,1.1635535376499535
2026-07-04T23:00:47.874063,5.5701852265119385,-0.5434782608695676,0.0,5.850366038197151,0.2327107075299907,True,False,24.96,1.1635535376499535
2026-07-05T23:04:44.483911,5.5701852265119385,-0.5434782608695676,0.0,5.850366038197151,0.2327107075299907,True,False,24.96,1.1635535376499535
2026-07-06T23:11:39.210471,5.575595635715875,-0.5464480874316946,0.0,5.869421772687401,0.2331266474914547,True,False,25.04,1.165633237457274
2026-07-07T23:05:36.923169,5.58803838428922,-0.2747252747252848,0.0,5.869421772687401,0.2331266474914547,False,False,25.04,1.165633237457274
2026-07-08T23:11:29.182021,5.422983959569325,-0.2754820936639035,0.0,5.785060471673933,0.229393339594832,False,False,24.68,1.1469666979741602
2026-07-09T23:15:07.763697,5.525104143828107,-1.104972375690605,0.0,5.907019672704794,0.2338416046213757,True,False,25.2,1.1692080231068789
2026-07-10T23:01:17.954610,5.549438449680687,-1.3966480446927498,0.0,5.906465190665063,0.2336541841022286,True,False,25.2,1.1682709205111432
2026-07-11T22:54:12.598714,5.549438449680687,-1.3966480446927498,0.0,5.906465190665063,0.2336541841022286,True,False,25.2,1.1682709205111432
2026-07-12T22:54:18.819505,5.549438449680687,-1.3966480446927498,0.0,5.906465190665063,0.2336541841022286,True,False,25.2,1.1682709205111432
2026-07-13T22:58:10.234638,5.419864064898048,0.56657223796035,0.0,5.793634050139585,0.2288971400454064,True,False,24.72,1.144485700227032
2026-07-14T22:59:11.704886,5.453365072495131,1.4084507042253502,0.0,5.906131798685985,0.2333417447064822,True,False,25.2,1.166708723532411
2026-07-15T22:59:59.578507,5.387469984719493,0.8333333333333304,0.0,5.783722609326995,0.228343586424031,True,False,24.68,1.1417179321201552
2026-07-16T22:59:59.037130,5.537244561634806,0.2754820936639257,0.0,5.905299333590076,0.2328264646008943,False,False,25.2,1.1641323230044718
2026-07-17T22:52:50.909580,5.513016845329249,-0.5494505494505475,0.0,5.904630827154768,0.232740929920557,True,False,25.2,1.1637046496027854
2026-07-18T22:53:49.679728,5.513016845329249,-0.5494505494505475,0.0,5.904630827154768,0.232740929920557,True,False,25.2,1.1637046496027854
2026-07-19T22:56:16.491151,5.513016845329249,-0.5494505494505475,0.0,5.904630827154768,0.232740929920557,True,False,25.2,1.1637046496027854
2026-07-20T23:03:21.312430,5.431773236651285,-0.8287292817679592,0.0,5.79142839654465,0.2282986476537825,True,False,24.72,1.1414932382689125
2026-07-21T23:00:45.402756,5.477070202129972,-0.5571030640668551,0.0,5.9038833168659055,0.2327316311033704,True,False,25.2,1.163658155516852
2026-07-22T23:08:19.198950,5.337939969768948,1.1204481792717047,0.0,5.791072487622648,0.2280145022075527,True,False,24.72,1.140072511037764
2026-07-23T22:59:19.263564,5.2922286448298,0.2770083102493048,0.0,5.790931933085995,0.2276598472171841,False,False,24.72,1.1382992360859203
2026-07-24T23:04:16.570133,5.247293568244533,0.5524861878453136,0.0,5.790664270135505,0.2273423910173766,True,False,24.72,1.136711955086883
2026-07-25T22:57:44.516273,5.247293568244533,0.5524861878453136,0.0,5.790664270135505,0.2273423910173766,True,False,24.72,1.136711955086883
2026-07-26T23:01:54.872364,5.247293568244533,0.5524861878453136,0.0,5.790664270135505,0.2273423910173766,True,False,24.72,1.136711955086883
2026-07-27T23:05:25.943452,5.4018332978043055,0.0,0.0,5.93571375918569,0.2326936013907867,False,False,25.34,1.1634680069539336
2026-07-28T23:02:56.571076,5.38378843259514,0.0,0.0,5.865440904893831,0.2299387442314641,False,False,25.04,1.1496937211573206
2026-07-29T23:01:03.919747,5.452179570592062,0.2747252747252737,0.0,5.888510930499409,0.2305728793109965,False,False,25.14,1.1528643965549823
2026-07-30T23:11:07.502472,5.424962534789124,0.0,0.0,5.935044605242157,0.2321024976691054,False,False,25.34,1.1605124883455271
2026-07-31T23:04:46.902177,5.413373210852382,0.0,0.0,5.934777297801665,0.2317821927909762,False,False,25.34,1.1589109639548814
2026-08-01T22:57:40.409210,5.413373210852382,0.0,0.0,5.934777297801665,0.2317821927909762,False,False,25.34,1.1589109639548814
2026-08-02T22:58:47.179645,5.413373210852382,0.0,0.0,5.934777297801665,0.2317821927909762,False,False,25.34,1.1589109639548814
2026-08-03T23:04:35.914377,5.270469374868449,0.273972602739736,0.0,5.86442361272615,0.2286812555787648,False,False,25.04,1.1434062778938243
2026-08-04T23:05:44.089295,5.347798340778557,-0.2732240437158584,0.0,5.887843834821702,0.2295945193789995,False,False,25.14,1.1479725968949974
2026-08-05T23:03:19.370962,5.407039516303174,0.273972602739736,0.0,5.864332275107167,0.2283260477474998,False,False,25.04,1.141630238737499
2026-08-07T01:30:40.322380,5.4718203411790105,-0.5464480874316946,0.0,5.93441384300193,0.2307197613410425,True,False,25.34,1.1535988067052123
2026-08-07T22:39:39.770066,5.4018332978043055,0.2747252747252737,0.0,5.93427979679794,0.2303702497595219,False,False,25.34,1.1518512487976094
2026-08-08T22:32:32.336373,5.4018332978043055,0.2747252747252737,0.0,5.93427979679794,0.2303702497595219,False,False,25.34,1.1518512487976094
2026-08-09T22:34:39.098559,5.4018332978043055,0.2747252747252737,0.0,5.93427979679794,0.2303702497595219,False,False,25.34,1.1518512487976094
2026-08-10T22:40:52.281095,5.38378843259514,-0.8219178082191747,0.0,5.86406307817261,0.2272880044771137,True,False,25.04,1.1364400223855688
2026-08-11T22:47:11.373111,5.325142978182589,0.2762430939226457,0.0,5.887481860433683,0.2281957041755047,False,False,25.14,1.1409785208775238
2026-08-12T22:44:19.544668,5.292490959370346,0.2754820936639257,0.0,5.826504519437594,0.2254892000682089,False,False,24.88,1.1274460003410447
2026-08-13T22:46:02.450851,5.315103610339671,-0.5494505494505475,0.0,5.8262915439297895,0.2251711227990346,True,False,24.88,1.1258556139951734
2026-08-14T22:26:37.963944,5.372489743036061,0.0,0.0,5.82633090425329,0.2248233999233695,False,False,24.88,1.1241169996168476
2026-08-15T22:25:28.793515,5.372489743036061,0.0,0.0,5.82633090425329,0.2248233999233695,False,False,24.88,1.1241169996168476
2026-08-16T22:24:32.095694,5.372489743036061,0.0,0.0,5.82633090425329,0.2248233999233695,False,False,24.88,1.1241169996168476
2026-08-17T22:27:39.880852,5.280922879726554,0.0,0.0,5.788901404109504,0.2230336991773049,False,False,24.72,1.1151684958865244
